player_id,player_name_ko,team_name_ko,main_position,predicted_score,recent_5_avg,season_avg,form_index,matches_played,total_goals,total_assists,contribution_recent_form,contribution_season_avg,contribution_position,contribution_goals,contribution_assists
500452.0,요니치,인천 유나이티드,CB,28.17,31.1,33.29,0.93,27,1,1,-2.1,35.5,14.6,2,1.5
250899.0,박찬용,포항 스틸러스,CB,27.97,28.99,27.58,1.05,6,1,2,1.5,29.6,8.0,2,3.0
408811.0,페트라섹,전북 현대 모터스,CB,27.77,33.4,33.4,33.4,1,0,0,972.0,36.1,15.0,0,0.0
150850.0,김기희,울산 HD FC,CB,27.34,30.86,28.12,1.1,18,0,2,3.0,30.9,9.9,0,3.0
500125.0,술라카,FC서울,CB,27.25,29.7,29.7,1.0,3,0,0,0.0,32.7,11.3,0,0.0
527819.0,민상기,포항 스틸러스,CB,26.69,29.95,29.95,1.0,5,0,2,0.0,33.7,12.4,0,3.0
250036.0,김영권,울산 HD FC,CB,26.64,29.51,26.51,1.11,18,2,1,3.3,29.9,6.2,4,1.5
530218.0,야잔,FC서울,CB,26.61,32.18,30.99,1.04,7,0,0,1.2,34.9,13.5,0,0.0
533477.0,연제운,전북 현대 모터스,CB,26.48,29.35,29.35,29.35,1,0,0,850.5,33.2,11.0,0,0.0
500133.0,포포비치,광주FC,CB,25.98,27.83,30.34,0.92,10,0,0,-2.4,35.0,12.8,0,0.0
500147.0,황석호,울산 HD FC,CB,25.95,26.73,26.19,1.02,15,0,2,0.6,30.3,4.8,0,3.0
250168.0,김재우,대전 하나 시티즌,CB,25.87,32.89,32.89,1.0,4,1,2,0.0,38.1,14.3,2,3.0
500115.0,이기혁,강원FC,CB,25.5,28.19,26.82,1.05,30,0,1,1.5,31.6,7.3,0,1.5
529335.0,카이오,대구FC,CB,25.21,34.47,31.77,1.09,11,1,1,2.7,37.8,13.9,2,1.5
77579.0,김주성,FC서울,CB,25.05,27.32,27.63,0.99,20,0,0,-0.3,33.1,8.4,0,0.0
342719.0,김강산,대구FC,CB,24.97,27.7,28.77,0.96,9,0,0,-1.2,34.6,10.2,0,0.0
246402.0,박진섭,전북 현대 모터스,CB,24.44,30.27,27.68,1.09,22,0,1,2.7,34.0,8.8,0,1.5
356604.0,김건희,인천 유나이티드,CB,24.38,33.01,26.13,1.26,25,0,1,7.8,32.1,4.4,0,1.5
500138.0,변준수,광주FC,CB,24.18,26.6,27.35,0.97,19,1,2,-0.9,33.9,7.7,2,3.0
77545.0,이동경,울산 HD FC,CM,24.01,28.01,25.82,1.08,8,7,3,2.4,32.3,15.0,14,4.5
500490.0,홍정운,대전 하나 시티즌,CB,23.55,23.38,22.02,1.06,6,0,0,1.8,28.1,-2.2,0,0.0
355790.0,임채민,제주SK FC,CB,23.45,18.88,26.35,0.72,14,0,0,-8.4,33.7,5.1,0,0.0
250108.0,김승우,광주FC,CB,23.41,26.38,26.38,26.38,2,0,0,761.2,33.8,5.5,0,0.0
145673.0,김영빈,강원FC,CB,23.25,17.44,23.57,0.74,21,0,1,-7.8,30.4,0.4,0,1.5
187313.0,송주훈,제주SK FC,CB,23.24,24.4,29.81,0.82,23,0,1,-5.4,38.5,11.7,0,1.5
145831.0,정운,제주SK FC,CB,23.23,21.23,26.47,0.8,21,0,1,-6.0,34.2,5.9,0,1.5
356614.0,김태현,김천 상무 프로축구단,RB,23.07,29.25,22.99,1.27,13,2,0,8.1,29.9,13.6,4,0.0
357146.0,김현우,대전 하나 시티즌,CB,23.07,25.28,29.93,0.84,21,1,3,-4.8,38.9,12.1,2,4.5
62365.0,안영규,광주FC,CB,22.88,31.5,25.41,1.24,22,0,3,7.2,33.3,3.7,0,4.5
161122.0,오반석,인천 유나이티드,CB,22.81,24.05,24.84,0.97,12,0,0,-0.9,32.7,2.9,0,0.0
500602.0,이탈로,제주SK FC,CM,22.73,17.68,21.92,0.81,32,2,4,-5.7,28.9,13.0,4,6.0
356612.0,원두재,김천 상무 프로축구단,CM,22.63,28.05,24.73,1.13,12,1,0,3.9,32.8,14.0,2,0.0
500478.0,이순민,대전 하나 시티즌,CM,22.62,27.63,21.17,1.31,21,0,0,9.3,28.1,12.0,0,0.0
146185.0,김연수,인천 유나이티드,CB,22.48,20.47,26.54,0.77,12,0,0,-6.9,35.4,6.6,0,0.0
491810.0,이동희,포항 스틸러스,CB,22.46,32.95,30.34,1.09,23,0,2,2.7,40.5,13.2,0,3.0
500515.0,박진영,대구FC,CB,22.4,22.53,19.7,1.14,20,0,1,4.2,26.4,-5.1,0,1.5
500527.0,권경원,수원FC,CB,22.36,25.35,28.93,0.88,21,1,0,-3.6,38.8,10.6,2,0.0
248886.0,박성훈,FC서울,CB,22.23,29.31,24.89,1.18,12,1,1,5.4,33.6,3.3,2,1.5
62112.0,세징야,대구FC,CF,22.18,28.96,22.32,1.3,28,9,4,9.0,30.2,14.6,15,6.0
356605.0,권한진,인천 유나이티드,CB,22.12,19.83,22.77,0.87,7,0,0,-3.9,30.9,-1.1,0,0.0
356619.0,김재우,김천 상무 프로축구단,CB,22.09,23.21,23.21,1.0,5,0,0,0.0,31.5,0.0,0,0.0
61922.0,홍정호,전북 현대 모터스,CB,22.02,25.54,24.5,1.04,15,0,0,1.2,33.4,2.6,0,0.0
526911.0,김강산,김천 상무 프로축구단,RB,21.99,24.82,22.54,1.1,8,0,0,3.0,30.8,12.3,0,0.0
500520.0,고명석,대구FC,CB,21.98,26.21,27.99,0.94,29,0,3,-1.8,38.2,9.5,0,4.5
250965.0,안태현,제주SK FC,LWB,21.85,23.97,21.93,1.09,29,4,1,2.7,30.1,15.0,8,1.5
500569.0,김봉수,김천 상무 프로축구단,CB,21.76,23.6,26.75,0.88,33,0,4,-3.6,36.9,7.0,0,6.0
61981.0,임종은,울산 HD FC,CB,21.75,20.24,24.25,0.83,23,0,2,-5.1,33.4,1.5,0,3.0
77845.0,완델손,포항 스틸러스,LB,21.65,20.82,22.99,0.91,33,1,2,-2.7,31.9,13.6,2,3.0
346036.0,유리 조나탄,제주SK FC,CF,21.63,28.31,21.04,1.35,24,2,2,10.5,29.2,13.7,4,3.0
500576.0,박승욱,김천 상무 프로축구단,CB,21.58,19.36,23.59,0.82,27,0,1,-5.4,32.8,0.7,0,1.5
500145.0,고승범,울산 HD FC,CM,21.57,24.44,22.55,1.08,24,1,1,2.4,31.4,13.3,2,1.5
61913.0,김진수,전북 현대 모터스,LB,21.54,17.92,19.35,0.93,20,0,1,-2.1,27.0,5.5,0,1.5
346035.0,연제운,제주SK FC,CB,21.51,21.89,22.43,0.98,16,0,0,-0.6,31.3,-1.5,0,0.0
500126.0,최준,FC서울,RB,21.46,28.05,23.68,1.18,31,1,6,5.4,33.1,15.0,2,9.0
526909.0,박찬용,김천 상무 프로축구단,CB,21.43,24.65,18.17,1.36,8,0,0,10.8,25.4,-6.6,0,0.0
250101.0,정호연,광주FC,CM,21.35,23.48,25.22,0.93,31,0,5,-2.1,35.4,14.3,0,7.5
500484.0,아론,대전 하나 시티즌,CB,21.33,19.59,21.82,0.9,19,0,1,-3.0,30.7,-2.6,0,1.5
500565.0,서민우,김천 상무 프로축구단,CM,21.32,18.03,21.5,0.84,21,2,3,-4.8,30.2,12.6,4,4.5
500533.0,이재원,수원FC,CM,21.19,17.96,18.6,0.97,28,1,3,-0.9,26.3,8.9,2,4.5
77828.0,전민광,포항 스틸러스,CB,21.1,22.46,22.04,1.02,27,2,0,0.6,31.3,-1.8,4,0.0
412005.0,벨톨라,대구FC,CM,21.03,24.59,21.28,1.16,15,1,3,4.8,30.4,12.3,2,4.5
215699.0,잭슨,수원FC,CB,20.87,23.88,20.41,1.17,20,1,0,5.1,29.3,-4.4,2,0.0
491834.0,이재익,전북 현대 모터스,CB,20.8,21.91,21.39,1.02,17,1,0,0.6,30.9,-2.9,2,0.0
344467.0,권완규,FC서울,CB,20.62,17.13,27.8,0.62,26,2,2,-11.4,40.4,9.2,4,3.0
408792.0,강투지,강원FC,CB,20.62,22.55,24.28,0.93,27,1,1,-2.1,35.3,1.8,2,1.5
356596.0,신진호,인천 유나이티드,CM,20.6,17.78,16.83,1.06,18,0,3,1.8,24.5,6.2,0,4.5
345446.0,오베르단,포항 스틸러스,CM,20.56,25.17,24.6,1.02,30,3,2,0.6,35.9,13.6,6,3.0
62086.0,김진혁,대구FC,CB,20.42,26.12,25.99,1.0,31,0,1,0.0,38.2,4.0,0,1.5
146168.0,구자룡,전북 현대 모터스,CB,20.39,18.1,19.08,0.95,13,0,0,-1.5,28.1,-6.2,0,0.0
62119.0,정치인,대구FC,CF,20.32,20.79,18.12,1.15,9,3,3,4.5,26.8,12.8,6,4.5
532201.0,루카스,FC서울,LW,20.29,17.8,18.26,0.97,7,1,0,-0.9,27.0,13.2,2,0.0
413677.0,임창우,제주SK FC,CB,20.27,23.45,19.11,1.23,23,1,0,6.9,28.3,-5.9,2,0.0
145703.0,허율,광주FC,CF,20.24,20.9,22.23,0.94,27,2,0,-1.8,33.0,14.1,4,0.0
354820.0,이현용,수원FC,CB,20.21,22.85,22.85,22.85,1,0,0,655.5,33.9,-0.7,0,0.0
250055.0,황재원,대구FC,RWB,20.18,20.97,23.77,0.88,27,1,1,-3.6,35.3,15.0,2,1.5
261824.0,김진규,전북 현대 모터스,CM,20.15,18.08,17.18,1.05,9,2,0,1.5,25.6,6.9,4,0.0
161110.0,기성용,FC서울,CM,20.07,25.38,25.32,1.0,16,2,2,0.0,37.8,14.7,4,3.0
187316.0,신광훈,포항 스틸러스,RB,20.03,20.1,18.84,1.07,25,0,1,2.1,28.2,8.2,0,1.5
61979.0,이명재,울산 HD FC,LB,20.03,21.62,19.68,1.1,24,0,3,3.0,29.5,9.5,0,4.5
250904.0,이규백,포항 스틸러스,CB,19.97,14.05,14.05,1.0,4,0,0,0.0,21.1,-9.5,0,0.0
62015.0,황현수,FC서울,CB,19.92,17.07,17.07,1.0,3,0,0,0.0,25.7,-7.7,0,0.0
83615.0,윤석영,강원FC,CB,19.84,14.63,22.96,0.64,17,1,3,-10.8,34.7,-0.4,2,4.5
188514.0,델브리지,인천 유나이티드,CB,19.76,15.1,24.38,0.62,14,1,1,-11.4,37.0,2.2,2,1.5
527810.0,김문환,대전 하나 시티즌,RB,19.76,23.38,18.25,1.28,11,0,0,8.4,27.7,4.1,0,0.0
533476.0,김태현,전북 현대 모터스,LB,19.71,22.49,24.77,0.91,8,0,1,-2.7,37.7,15.0,0,1.5
187722.0,김대우,강원FC,CM,19.68,25.14,17.29,1.45,13,1,3,13.5,26.4,7.6,2,4.5
413926.0,이지솔,강원FC,CB,19.68,11.23,15.79,0.71,6,0,0,-8.7,24.1,-8.4,0,0.0
500476.0,이정택,대전 하나 시티즌,CB,19.65,15.25,19.57,0.78,25,0,0,-6.6,29.9,-5.5,0,0.0
145701.0,이민기,광주FC,LB,19.6,17.38,19.33,0.9,10,0,1,-3.0,29.6,4.1,0,1.5
500561.0,김민덕,김천 상무 프로축구단,CB,19.57,15.78,17.33,0.91,18,0,1,-2.7,26.6,-7.3,0,1.5
344558.0,보야니치,울산 HD FC,CM,19.57,18.41,19.63,0.94,23,1,2,-1.8,30.1,9.9,2,3.0
360391.0,안톤,대전 하나 시티즌,CB,19.4,18.52,23.96,0.77,22,1,0,-6.9,37.0,1.1,2,0.0
250106.0,박한빈,광주FC,CB,19.39,17.45,17.45,17.45,1,0,0,493.5,27.0,-7.0,0,0.0
143588.0,최규백,수원FC,CB,19.38,25.85,21.34,1.21,21,1,0,6.3,33.0,-3.3,2,0.0
354809.0,박철우,수원FC,LB,19.37,18.51,19.52,0.95,31,1,2,-1.5,30.2,6.8,2,3.0
491803.0,아스프로,포항 스틸러스,CB,19.37,21.19,21.19,1.0,5,0,0,0.0,32.8,-3.7,0,0.0
354806.0,김종우,포항 스틸러스,CM,19.35,17.75,15.32,1.16,20,2,4,4.8,23.7,3.2,4,6.0
500547.0,김태한,수원FC,CB,19.23,21.04,20.32,1.04,25,1,2,1.2,31.7,-4.8,2,3.0
187253.0,김동현,강원FC,CM,18.86,19.21,20.07,0.96,10,0,1,-1.2,31.9,10.3,0,1.5
532191.0,밥신,대전 하나 시티즌,CM,18.62,19.89,20.15,0.99,9,0,2,-0.3,32.5,11.0,0,3.0
287282.0,이용,수원FC,RB,18.55,22.13,20.24,1.09,25,1,2,2.7,32.7,10.9,2,3.0
500469.0,노동건,대전 하나 시티즌,CB,18.28,13.35,13.35,1.0,3,0,0,0.0,21.9,-9.9,0,0.0
410634.0,야고,강원FC,CF,18.25,22.75,22.82,1.0,18,9,2,0.0,37.5,15.0,15,3.0
529466.0,정우영,울산 HD FC,CM,18.01,17.59,16.05,1.1,6,0,0,3.0,26.7,4.9,0,0.0
356610.0,윤종규,김천 상무 프로축구단,RB,17.87,13.13,13.54,0.97,9,0,0,-0.9,22.7,-6.8,0,0.0
503173.0,강상우,FC서울,LB,17.77,18.47,16.72,1.1,30,0,2,3.0,28.2,2.7,0,3.0
354791.0,정태욱,전북 현대 모터스,CB,17.75,19.07,20.47,0.93,14,0,1,-2.1,34.6,-4.0,0,1.5
356609.0,박민규,김천 상무 프로축구단,LB,17.74,18.54,19.68,0.94,15,0,1,-1.8,33.3,8.2,0,1.5
215806.0,윤일록,울산 HD FC,RB,17.57,16.36,18.78,0.87,24,0,2,-3.9,32.1,6.8,0,3.0
500549.0,안데르손,수원FC,LW,17.55,21.62,20.27,1.07,33,6,6,2.1,34.6,15.0,12,9.0
500562.0,박수일,김천 상무 프로축구단,RB,17.53,19.95,18.35,1.09,21,0,2,2.7,31.4,5.5,0,3.0
187794.0,송준석,강원FC,LWB,17.51,18.08,15.38,1.18,18,1,1,5.4,26.4,6.0,2,1.5
286696.0,일류첸코,FC서울,CF,17.51,17.3,19.72,0.88,32,13,4,-3.6,33.8,13.3,15,6.0
250141.0,이명주,인천 유나이티드,CM,17.47,17.29,15.95,1.08,23,0,3,2.4,27.4,4.2,0,4.5
360389.0,이강현,광주FC,CM,17.43,13.33,10.7,1.25,11,1,0,7.5,18.4,-7.3,2,0.0
500140.0,김진호,광주FC,LB,17.34,23.28,20.53,1.13,31,0,2,3.9,35.5,12.3,0,3.0
527821.0,한국영,전북 현대 모터스,CM,17.34,24.99,20.18,1.24,15,0,2,7.2,34.9,11.6,0,3.0
360165.0,김경재,광주FC,CB,17.26,18.32,14.73,1.24,7,0,0,7.2,25.6,-9.2,0,0.0
503221.0,진시우,전북 현대 모터스,CB,17.24,11.13,11.13,1.0,3,0,0,0.0,19.4,-10.6,0,0.0
407441.0,이승모,FC서울,CM,17.23,18.42,20.17,0.91,22,3,1,-2.7,35.1,11.3,6,1.5
345464.0,조성권,광주FC,CB,17.21,15.63,15.63,1.0,3,0,0,0.0,27.3,-8.8,0,0.0
529744.0,노경호,수원FC,CM,17.18,18.17,12.96,1.4,8,0,0,12.0,22.6,-3.2,0,0.0
500150.0,강민우,울산 HD FC,CB,17.11,10.96,10.96,1.0,4,0,0,0.0,19.2,-11.3,0,0.0
343586.0,김우석,강원FC,CB,17.11,11.1,11.1,1.0,4,0,1,0.0,19.5,-11.0,0,1.5
188183.0,정동호,수원FC,RB,17.07,15.07,15.07,15.07,2,0,0,422.2,26.5,-2.7,0,0.0
246403.0,맹성웅,전북 현대 모터스,CM,17.07,17.14,14.01,1.22,7,0,0,6.6,24.6,-0.5,0,0.0
61921.0,최철순,전북 현대 모터스,RB,16.99,12.89,12.89,1.0,5,0,1,0.0,22.8,-8.2,0,1.5
500540.0,장영우,수원FC,LB,16.98,17.28,14.65,1.18,24,1,1,5.4,25.9,0.0,2,1.5
356618.0,김진규,김천 상무 프로축구단,CM,16.95,13.58,19.18,0.71,15,0,2,-8.7,33.9,9.3,0,3.0
413675.0,안현범,전북 현대 모터스,RB,16.9,22.72,15.31,1.48,24,2,3,14.4,27.2,-1.3,4,4.5
142106.0,설영우,울산 HD FC,LB,16.87,18.58,20.49,0.91,9,0,0,-2.7,36.4,10.9,0,0.0
187259.0,황문기,강원FC,CM,16.83,16.25,19.6,0.83,33,1,2,-5.1,34.9,9.6,2,3.0
500413.0,이동협,포항 스틸러스,LB,16.68,14.45,14.45,14.45,1,0,0,403.5,26.0,-1.3,0,0.0
500502.0,이유현,강원FC,CM,16.51,20.27,16.32,1.24,21,0,3,7.2,29.7,5.6,0,4.5
529334.0,이상민,대전 하나 시티즌,LB,16.46,15.72,13.78,1.14,10,0,0,4.2,25.1,-4.1,0,0.0
500586.0,김태환,제주SK FC,RWB,16.44,12.38,19.39,0.64,30,2,1,-10.8,35.4,12.0,4,1.5
491802.0,조르지,포항 스틸러스,CF,16.41,22.47,14.83,1.52,29,2,4,15.6,27.1,11.1,4,6.0
61616.0,김동민,인천 유나이티드,CB,16.22,8.76,17.04,0.51,17,1,0,-14.7,31.5,-8.0,2,0.0
500135.0,가브리엘,광주FC,RM,16.2,14.22,15.62,0.91,33,7,3,-2.7,28.9,12.0,14,4.5
491837.0,김태환,전북 현대 모터스,RB,16.18,13.13,13.79,0.95,15,0,2,-1.5,25.6,-5.5,0,3.0
354812.0,윤빛가람,수원FC,CM,16.17,11.98,20.12,0.6,31,1,3,-12.0,37.3,10.6,2,4.5
62633.0,강윤성,대전 하나 시티즌,RWB,16.07,19.09,17.26,1.11,15,0,1,3.3,32.2,9.0,0,1.5
62386.0,두현석,광주FC,RB,16.05,15.33,19.06,0.8,17,0,2,-6.0,35.6,9.5,0,3.0
505723.0,음라파,대전 하나 시티즌,CF,15.88,14.12,10.09,1.4,16,3,0,12.0,19.1,1.5,6,0.0
500493.0,이준규,대전 하나 시티즌,CM,15.78,11.95,11.46,1.04,8,1,0,1.2,21.8,-5.6,2,0.0
109160.0,김도혁,인천 유나이티드,CM,15.71,14.28,15.81,0.9,23,3,1,-3.0,30.2,3.9,6,1.5
500430.0,이영재,전북 현대 모터스,CM,15.64,14.68,15.07,0.97,29,4,0,-0.9,28.9,2.9,8,0.0
356600.0,김현서,인천 유나이티드,CM,15.61,11.45,11.45,11.45,1,0,0,313.5,22.0,-5.9,0,0.0
344473.0,황도윤,FC서울,CM,15.55,17.05,17.05,1.0,5,0,0,0.0,32.9,6.6,0,0.0
77414.0,이희균,광주FC,CM,15.52,14.61,15.07,0.97,24,5,1,-0.9,29.1,2.5,10,1.5
500505.0,요시노,대구FC,CM,15.46,16.71,18.42,0.91,26,5,3,-2.7,35.7,8.6,10,4.5
412016.0,웰링턴,강원FC,RM,15.25,14.48,14.48,1.0,3,0,0,0.0,28.5,9.0,0,0.0
411440.0,보아텡,전북 현대 모터스,CM,15.22,21.29,15.02,1.42,18,0,2,12.6,29.6,2.2,0,3.0
62013.0,윤종규,FC서울,RB,15.17,10.42,16.18,0.64,9,0,1,-10.8,32.0,1.3,0,1.5
356615.0,정치인,김천 상무 프로축구단,LW,15.16,16.57,15.42,1.07,15,1,0,2.1,30.5,10.6,2,0.0
529743.0,갈레고,제주SK FC,RW,15.16,16.3,10.12,1.61,11,0,1,18.3,20.0,9.5,0,1.5
500580.0,김대원,김천 상무 프로축구단,LW,15.14,17.91,13.76,1.3,26,3,5,9.0,27.3,8.0,6,7.5
491801.0,어정원,포항 스틸러스,RB,15.13,15.24,16.71,0.91,24,1,3,-2.7,33.1,2.7,2,4.5
503227.0,브루노,광주FC,CB,15.07,10.3,10.3,1.0,4,0,0,0.0,20.5,-11.7,0,0.0
528956.0,김민우,대전 하나 시티즌,CM,15.07,16.11,13.84,1.16,6,0,0,4.8,27.6,-1.2,0,0.0
360162.0,이주용,제주SK FC,LWB,15.01,13.99,16.81,0.83,11,0,0,-5.1,33.6,12.0,0,0.0
356624.0,강현묵,김천 상무 프로축구단,CM,14.97,14.48,14.77,0.98,15,2,1,-0.6,29.6,1.9,4,1.5
61623.0,정동윤,인천 유나이티드,RB,14.96,19.91,15.33,1.3,28,0,0,9.0,30.7,0.0,0,0.0
500139.0,최경록,광주FC,CF,14.91,17.96,13.26,1.35,29,2,1,10.5,26.7,8.0,4,1.5
500142.0,박태준,광주FC,CM,14.89,10.27,14.51,0.71,23,2,3,-8.7,29.2,0.8,4,4.5
528608.0,카이나,제주SK FC,CM,14.88,18.69,12.45,1.5,13,1,0,15.0,25.1,-4.2,2,0.0
142111.0,원두재,울산 HD FC,CM,14.83,14.71,14.71,1.0,5,0,0,0.0,29.8,1.2,0,0.0
356616.0,김동현,김천 상무 프로축구단,CM,14.71,13.7,17.56,0.78,13,0,0,-6.6,35.8,7.9,0,0.0
188267.0,이태석,FC서울,LB,14.67,11.24,15.78,0.71,13,0,0,-8.7,32.3,1.3,0,0.0
62054.0,강지훈,강원FC,RWB,14.63,10.4,10.4,10.4,1,0,0,282.0,21.3,-6.0,0,0.0
530659.0,야고,울산 HD FC,CF,14.47,14.88,13.84,1.08,10,3,0,2.4,28.7,10.6,6,0.0
500118.0,김강국,강원FC,CM,14.42,9.61,13.69,0.7,27,0,1,-9.0,28.5,-1.5,0,1.5
188185.0,곽윤호,수원FC,CB,14.39,8.75,8.75,8.75,1,0,0,232.5,18.2,-12.1,0,0.0
213491.0,마사,대전 하나 시티즌,CM,14.38,14.52,12.97,1.12,10,2,1,3.6,27.1,-2.9,4,1.5
146189.0,문지환,인천 유나이티드,CM,14.35,14.45,13.43,1.08,18,1,0,2.4,28.1,-2.2,2,0.0
187292.0,김지현,울산 HD FC,CF,14.32,11.36,10.23,1.11,6,1,0,3.3,21.4,2.0,2,0.0
500121.0,양민혁,강원FC,RM,14.17,16.39,17.48,0.94,33,10,6,-1.8,37.0,15.0,15,9.0
500573.0,조현택,김천 상무 프로축구단,LB,14.11,12.82,10.04,1.28,9,0,0,8.4,21.4,-6.8,0,0.0
250100.0,이상기,광주FC,RB,14.03,14.8,13.82,1.07,16,0,0,2.1,29.5,-4.1,0,0.0
325355.0,박세진,대구FC,CM,14.02,11.81,11.17,1.06,29,2,3,1.8,23.9,-6.9,4,4.5
250959.0,최영준,제주SK FC,CM,13.96,14.81,17.61,0.84,9,0,0,-4.8,37.8,8.2,0,0.0
344559.0,아타루,울산 HD FC,CAM,13.96,11.51,13.87,0.83,25,4,5,-5.1,29.8,11.2,8,7.5
356625.0,이영준,김천 상무 프로축구단,CF,13.95,14.23,10.74,1.33,8,1,0,9.9,23.1,2.8,2,0.0
287281.0,주세종,대전 하나 시티즌,CM,13.9,13.99,15.96,0.88,21,0,0,-3.6,34.5,4.6,0,0.0
500124.0,린가드,FC서울,CAM,13.88,16.02,12.7,1.26,21,4,1,7.8,27.4,7.5,8,1.5
360328.0,임유석,대전 하나 시티즌,CM,13.66,13.88,13.88,1.0,3,0,0,0.0,30.5,-0.8,0,0.0
358583.0,루빅손,울산 HD FC,LW,13.61,16.95,19.82,0.86,18,6,1,-4.2,43.7,14.1,12,1.5
526918.0,맹성웅,김천 상무 프로축구단,CM,13.58,10.0,14.41,0.69,8,1,0,-9.3,31.8,0.5,2,0.0
500546.0,트린다지,수원FC,CM,13.54,8.45,8.45,1.0,3,0,1,0.0,18.7,-8.9,0,1.5
527822.0,손준호,수원FC,CDM,13.54,18.16,17.66,1.03,12,1,2,0.9,39.1,15.0,2,3.0
187341.0,이현식,대전 하나 시티즌,CM,13.43,15.55,15.55,1.0,5,0,1,0.0,34.7,3.5,0,1.5
346037.0,헤이스,제주SK FC,LW,13.41,11.87,16.34,0.73,28,3,1,-8.1,36.5,12.4,6,1.5
526919.0,박대원,김천 상무 프로축구단,LB,13.38,10.39,13.79,0.75,11,0,2,-7.5,30.9,-2.7,0,3.0
356603.0,음포쿠,인천 유나이티드,CM,13.35,10.2,12.64,0.81,27,0,2,-5.7,28.4,-3.5,0,3.0
188178.0,엄지성,광주FC,LW,13.32,15.58,15.27,1.02,15,1,1,0.6,34.4,9.7,2,1.5
526925.0,이승원,김천 상무 프로축구단,CM,13.31,13.31,14.72,0.9,6,1,1,-3.0,33.2,1.5,2,1.5
529741.0,코바체비치,강원FC,CF,13.24,11.03,15.43,0.71,10,4,1,-8.7,35.0,12.4,8,1.5
250076.0,홍철,대구FC,LWB,13.24,9.45,15.42,0.61,27,1,0,-11.7,34.9,9.0,2,0.0
500117.0,이상헌,강원FC,CF,13.09,11.66,13.5,0.86,33,10,5,-4.2,30.9,8.5,15,7.5
500604.0,김정민,제주SK FC,CM,13.08,10.5,12.63,0.83,20,0,1,-5.1,29.0,-3.9,0,1.5
501836.0,시게히로,FC서울,,13.06,11.7,11.7,11.7,2,0,1,321.0,26.9,0.0,0,1.5
187326.0,팔로세비치,FC서울,CM,13.02,8.07,13.03,0.62,21,1,5,-11.4,30.0,-2.5,2,7.5
500113.0,김이석,강원FC,CM,13.01,13.84,16.07,0.86,17,2,2,-4.2,37.0,5.2,4,3.0
500465.0,박진성,대전 하나 시티즌,LWB,12.98,9.46,12.75,0.74,11,0,0,-7.8,29.5,3.0,0,0.0
526915.0,오인표,김천 상무 프로축구단,RB,12.97,8.09,8.09,1.0,4,0,0,0.0,18.7,-10.9,0,0.0
62105.0,장성원,대구FC,RWB,12.95,10.59,13.41,0.79,26,1,0,-6.3,31.0,6.0,2,0.0
61645.0,무고사,인천 유나이티드,CF,12.94,12.8,13.7,0.93,33,10,1,-2.1,31.8,9.8,15,1.5
344474.0,손승범,FC서울,LW,12.92,13.72,13.72,1.0,3,1,1,0.0,31.8,7.0,2,1.5
526908.0,이동경,김천 상무 프로축구단,CAM,12.92,20.83,15.6,1.34,14,3,1,10.2,36.2,15.0,6,1.5
62069.0,한국영,강원FC,,12.9,10.73,10.27,1.05,6,0,0,1.5,23.9,0.0,0,0.0
533479.0,소타,수원FC,RB,12.9,7.55,7.55,7.55,1,0,0,196.5,17.6,-12.3,0,0.0
500129.0,류재문,FC서울,CM,12.88,12.72,16.78,0.76,22,1,3,-7.2,39.1,5.9,2,4.5
146194.0,이종욱,인천 유나이티드,CF,12.86,7.92,7.92,7.92,2,0,0,207.8,18.5,-4.6,0,0.0
143410.0,한승규,FC서울,CM,12.72,16.07,12.28,1.31,15,1,2,9.3,28.9,-4.9,2,3.0
360392.0,정강민,대전 하나 시티즌,RWB,12.69,11.27,11.27,1.0,5,1,0,0.0,26.6,-3.0,2,0.0
252489.0,이승우,수원FC,LW,12.64,13.17,16.23,0.81,18,8,5,-5.7,38.5,11.5,15,7.5
412018.0,홍윤상,포항 스틸러스,LM,12.63,15.09,12.9,1.17,28,6,1,5.1,30.7,15.0,12,1.5
146174.0,이수빈,전북 현대 모터스,CM,12.61,7.74,17.25,0.45,23,0,1,-16.5,41.0,7.3,0,1.5
500583.0,유강현,김천 상무 프로축구단,CF,12.49,13.61,9.87,1.38,23,3,1,11.4,23.7,0.7,6,1.5
500480.0,김준범,대전 하나 시티즌,CF,12.48,13.82,15.4,0.9,14,2,3,-3.0,37.0,12.0,4,4.5
188348.0,김준호,포항 스틸러스,CM,12.43,8.8,8.8,8.8,1,0,0,234.0,21.2,-8.6,0,0.0
359624.0,아사니,광주FC,RM,12.3,14.68,13.15,1.12,10,2,0,3.6,32.1,6.0,4,0.0
500554.0,강상윤,수원FC,CM,12.19,9.07,13.45,0.67,25,3,4,-9.9,33.1,-1.9,6,6.0
215816.0,홍준호,제주SK FC,CB,12.18,15.86,12.31,1.29,15,1,0,8.7,30.3,-10.2,2,0.0
500534.0,정승원,수원FC,RW,12.16,8.62,18.32,0.47,33,7,4,-15.9,45.2,15.0,14,6.0
532188.0,이승우,전북 현대 모터스,CF,12.11,11.31,10.28,1.1,8,1,3,3.0,25.5,2.4,2,4.5
188342.0,이호재,포항 스틸러스,CF,12.06,9.79,11.02,0.89,27,6,5,-3.3,27.4,4.1,12,7.5
530690.0,안드리고,전북 현대 모터스,RW,11.93,14.86,15.45,0.96,10,3,2,-1.2,38.9,14.3,6,3.0
250183.0,레안드로,대전 하나 시티즌,CF,11.85,9.84,9.89,0.99,15,2,2,-0.3,25.0,1.1,4,3.0
526920.0,박상혁,김천 상무 프로축구단,CF,11.75,12.33,13.67,0.9,13,4,0,-3.0,34.9,9.4,8,0.0
62098.0,고재현,대구FC,RW,11.72,10.83,10.42,1.04,30,1,1,1.2,26.7,10.2,2,1.5
356621.0,구본철,김천 상무 프로축구단,CM,11.71,7.45,7.45,1.0,3,0,0,0.0,19.1,-10.6,0,0.0
500581.0,모재현,김천 상무 프로축구단,RW,11.71,14.52,11.75,1.24,20,3,0,7.2,30.1,12.3,6,0.0
500144.0,홍재석,울산 HD FC,CF,11.59,12.25,12.25,12.25,2,0,0,337.5,31.7,5.9,0,0.0
188346.0,김륜성,포항 스틸러스,LB,11.52,7.66,7.66,1.0,4,0,0,0.0,19.9,-10.9,0,0.0
529332.0,전진우,전북 현대 모터스,RM,11.49,13.06,9.79,1.33,10,2,1,9.9,25.5,0.0,4,1.5
250145.0,민경현,인천 유나이티드,LWB,11.44,13.38,12.66,1.06,13,0,0,1.8,33.2,0.0,0,0.0
500152.0,최강민,울산 HD FC,RB,11.4,11.53,9.39,1.23,17,1,0,6.9,24.7,-9.5,2,0.0
343587.0,유인수,강원FC,LM,11.38,11.24,11.05,1.02,23,2,2,0.6,29.1,12.0,4,3.0
413678.0,김건웅,제주SK FC,CM,11.34,11.24,12.37,0.91,13,0,0,-2.7,32.7,-4.6,0,0.0
500530.0,지동원,수원FC,CF,11.33,10.89,11.18,0.97,31,6,2,-0.9,29.6,4.6,12,3.0
500143.0,심상민,울산 HD FC,LB,11.23,9.3,11.75,0.79,8,0,0,-6.3,31.4,-5.5,0,0.0
491811.0,김동진,포항 스틸러스,CM,11.21,7.78,11.71,0.66,18,1,2,-10.2,31.3,-5.2,2,3.0
500425.0,비니시우스,전북 현대 모터스,CF,11.16,12.35,12.35,1.0,4,0,1,0.0,33.2,6.8,0,1.5
356611.0,김현욱,김천 상무 프로축구단,RW,11.16,11.34,14.39,0.79,14,4,2,-6.3,38.7,13.6,8,3.0
528960.0,헨리,강원FC,CF,11.15,13.66,11.57,1.18,7,1,0,5.4,31.1,5.0,2,0.0
250102.0,이건희,광주FC,CF,11.11,11.73,9.56,1.23,27,5,1,6.9,25.8,0.2,10,1.5
146188.0,김준엽,인천 유나이티드,RWB,11.07,13.01,13.38,0.97,12,0,0,-0.9,36.3,3.0,0,0.0
82938.0,주민규,울산 HD FC,CF,11.07,6.63,15.19,0.44,29,8,5,-16.8,41.2,11.5,15,7.5
500483.0,호사,대전 하나 시티즌,LW,11.05,11.59,11.7,0.99,7,1,0,-0.3,31.8,2.6,2,0.0
491833.0,티아고,전북 현대 모터스,CF,10.95,8.77,13.55,0.65,29,6,1,-10.5,37.1,8.9,12,1.5
188258.0,백상훈,FC서울,CM,10.94,6.02,6.02,1.0,3,0,0,0.0,16.5,-12.0,0,0.0
500577.0,이진용,김천 상무 프로축구단,CM,10.94,7.6,6.56,1.16,10,0,1,4.8,18.0,-11.3,0,1.5
533450.0,이찬동,대구FC,CM,10.83,7.46,7.46,1.0,4,0,0,0.0,20.7,-10.3,0,0.0
73228.0,서진수,제주SK FC,CF,10.74,11.51,12.29,0.94,33,3,2,-1.8,34.3,6.3,6,3.0
62114.0,에드가,대구FC,CF,10.73,6.6,12.92,0.51,26,4,0,-14.7,36.1,7.2,8,0.0
356597.0,제르소,인천 유나이티드,LW,10.62,8.57,13.63,0.63,22,3,4,-11.1,38.5,6.2,6,6.0
500146.0,김민우,울산 HD FC,LW,10.62,8.6,10.96,0.78,18,2,1,-6.6,31.0,0.9,4,1.5
250148.0,홍시후,인천 유나이티드,RWB,10.62,7.88,10.39,0.76,20,2,0,-7.2,29.3,-9.0,4,0.0
526910.0,이동준,김천 상무 프로축구단,RW,10.57,9.55,8.03,1.19,8,1,0,5.7,22.8,2.0,2,0.0
344468.0,윌리안,FC서울,LW,10.53,11.63,12.05,0.96,22,5,1,-1.2,34.3,4.4,10,1.5
344560.0,김민혁,울산 HD FC,CM,10.52,8.0,10.38,0.77,11,0,1,-6.9,29.6,-7.6,0,1.5
344556.0,이재욱,울산 HD FC,CM,10.49,6.5,6.5,6.5,1,0,0,165.0,18.6,-11.6,0,0.0
500550.0,정재민,수원FC,CF,10.45,9.33,7.92,1.18,12,2,0,5.4,22.7,-5.0,4,0.0
250896.0,윤평국,포항 스틸러스,GK,10.43,7.72,7.72,1.0,3,0,0,0.0,22.2,15.0,0,0.0
528953.0,안재준,포항 스틸러스,CF,10.43,8.11,8.59,0.94,8,1,0,-1.8,24.7,-3.3,2,0.0
250172.0,김인균,대전 하나 시티즌,LW,10.4,8.71,12.02,0.72,22,2,2,-8.4,34.7,3.5,4,3.0
250037.0,이규성,울산 HD FC,CM,10.35,5.07,14.14,0.36,22,0,4,-19.2,41.0,-0.2,0,6.0
528957.0,최건주,대전 하나 시티즌,LM,10.29,10.38,8.12,1.28,10,1,0,8.4,23.7,3.0,2,0.0
532190.0,켈빈,대전 하나 시티즌,LW,10.22,12.16,12.16,1.0,5,1,0,0.0,35.7,5.3,2,0.0
150851.0,이청용,울산 HD FC,CM,10.2,12.61,9.6,1.31,18,0,2,9.3,28.2,-7.9,0,3.0
408383.0,베카,광주FC,CF,10.14,5.99,8.52,0.7,17,2,0,-9.0,25.2,-3.7,4,0.0
289401.0,마틴 아담,울산 HD FC,CF,10.14,7.08,8.97,0.79,10,2,0,-6.3,26.6,-2.4,4,0.0
500507.0,정재상,대구FC,CF,10.09,8.54,13.03,0.66,16,2,1,-10.2,38.8,7.6,4,1.5
503225.0,정한민,강원FC,CF,10.04,8.66,8.94,0.97,14,3,1,-0.9,26.7,-2.8,6,1.5
530662.0,이탈로,대구FC,CF,10.02,12.65,11.79,1.07,7,2,0,2.1,35.3,5.4,4,0.0
62038.0,조영욱,FC서울,CF,10.0,8.39,10.86,0.77,24,3,1,-6.9,32.6,3.7,6,1.5
356599.0,최우진,인천 유나이티드,LWB,10.0,10.58,12.0,0.88,26,0,1,-3.6,36.0,-3.0,0,1.5
250961.0,김주공,제주SK FC,RW,9.98,12.31,12.31,1.0,5,1,0,0.0,37.0,13.0,2,0.0
500153.0,마테우스,울산 HD FC,CM,9.97,6.38,11.28,0.57,10,0,0,-12.9,34.0,-6.6,0,0.0
360166.0,김한길,광주FC,RM,9.93,9.76,8.93,1.09,19,0,1,2.7,27.0,-6.0,0,1.5
215818.0,송민규,전북 현대 모터스,LW,9.9,4.59,13.86,0.33,26,4,6,-20.1,42.0,8.8,8,9.0
500154.0,켈빈,울산 HD FC,LW,9.9,8.45,9.92,0.85,10,1,0,-4.5,30.0,0.0,2,0.0
187343.0,임덕근,대전 하나 시티즌,CM,9.89,4.78,14.3,0.33,21,1,0,-20.1,43.4,0.2,2,0.0
412010.0,구텍,대전 하나 시티즌,CF,9.8,8.4,13.82,0.61,8,2,0,-11.7,42.3,10.2,4,0.0
346038.0,김승섭,제주SK FC,LW,9.77,9.99,8.09,1.24,8,0,1,7.2,24.8,-4.4,0,1.5
357150.0,오재석,대전 하나 시티즌,RWB,9.72,7.23,11.97,0.6,17,0,0,-12.0,36.9,0.0,0,0.0
357156.0,이동원,대전 하나 시티즌,CM,9.71,7.42,7.94,0.93,11,0,0,-2.1,24.5,-9.3,0,0.0
407605.0,한찬희,포항 스틸러스,CM,9.67,5.45,11.39,0.48,26,0,0,-15.6,35.3,-6.2,0,0.0
413673.0,박재용,전북 현대 모터스,CF,9.66,10.25,9.32,1.1,10,0,1,3.0,28.9,-1.5,0,1.5
534721.0,아라비제,울산 HD FC,RW,9.64,10.21,9.2,1.11,6,1,1,3.3,28.6,4.8,2,1.5
215807.0,공민현,대전 하나 시티즌,CF,9.61,8.24,8.05,1.02,7,0,1,0.6,25.1,-4.1,0,1.5
500486.0,김한서,대전 하나 시티즌,CM,9.6,8.2,7.75,1.06,10,0,1,1.8,24.2,-9.6,0,1.5
356622.0,이중민,김천 상무 프로축구단,CF,9.57,9.09,9.47,0.96,15,3,2,-1.2,29.7,-0.2,6,3.0
500543.0,조준현,수원FC,CM,9.55,5.58,5.58,1.0,3,0,0,0.0,17.5,-12.3,0,0.0
528959.0,진준서,강원FC,RW,9.53,6.64,6.64,1.0,4,1,0,0.0,20.9,-2.0,2,0.0
345449.0,최현웅,포항 스틸러스,CB,9.48,5.7,5.7,5.7,2,0,0,141.0,18.0,-12.4,0,0.0
344552.0,김경민,FC서울,RW,9.35,6.1,6.1,6.1,2,0,0,153.0,19.6,-4.8,0,0.0
354816.0,이광혁,수원FC,RW,9.31,6.25,6.25,1.0,5,0,0,0.0,20.1,-3.4,0,0.0
528271.0,박정인,대전 하나 시티즌,LW,9.3,8.81,8.34,1.06,6,1,0,1.8,26.9,-2.6,2,0.0
526921.0,김승섭,김천 상무 프로축구단,LW,9.29,9.05,7.56,1.2,8,1,0,6.0,24.4,-5.3,2,0.0
188332.0,강윤구,울산 HD FC,RW,9.28,11.6,8.75,1.33,17,2,3,9.9,28.3,4.1,4,4.5
345444.0,김인성,포항 스틸러스,RW,9.28,7.27,10.03,0.72,27,2,1,-8.4,32.4,8.8,4,1.5
500525.0,몬레알,수원FC,,9.27,7.12,10.55,0.67,11,0,0,-9.9,34.2,0.0,0,0.0
360011.0,정우재,전북 현대 모터스,LB,9.27,6.38,9.27,0.69,11,0,0,-9.3,30.0,-8.2,0,0.0
246410.0,박창우,전북 현대 모터스,LB,9.26,8.71,8.0,1.09,10,0,1,2.7,25.9,-9.5,0,1.5
491835.0,전병관,전북 현대 모터스,LW,9.25,7.03,11.17,0.63,26,5,2,-11.1,36.2,1.8,10,3.0
253677.0,엄원상,울산 HD FC,RW,9.25,7.43,10.82,0.69,26,4,2,-9.3,35.1,11.6,8,3.0
259763.0,구자철,제주SK FC,CM,9.23,5.58,5.58,5.58,2,0,0,137.2,18.1,-12.6,0,0.0
288640.0,갈레고,강원FC,RW,9.22,7.51,7.51,1.0,4,0,0,0.0,24.4,0.7,0,0.0
250175.0,배서준,대전 하나 시티즌,CM,9.19,9.99,9.6,1.04,11,0,0,1.2,31.3,-8.2,0,0.0
369783.0,오후성,광주FC,CF,9.17,7.92,6.63,1.19,7,0,0,5.7,21.7,-6.8,0,0.0
343590.0,조진혁,강원FC,LM,9.11,9.09,8.65,1.05,23,2,3,1.5,28.5,6.0,4,4.5
342722.0,바셀루스,대구FC,LW,9.09,5.33,9.11,0.59,14,0,0,-12.3,30.1,-1.8,0,0.0
354793.0,이동준,전북 현대 모터스,RW,9.09,9.51,9.46,1.01,6,1,0,0.3,31.2,6.1,2,0.0
181865.0,신상은,대전 하나 시티즌,RW,9.08,10.69,9.64,1.11,6,0,1,3.3,31.9,6.8,0,1.5
344557.0,장시영,울산 HD FC,LW,9.06,5.23,8.09,0.65,17,1,0,-10.5,26.8,-3.5,2,0.0
500472.0,윤도영,대전 하나 시티즌,RM,9.03,10.0,9.56,1.05,14,1,2,1.5,31.7,-3.0,2,3.0
250963.0,한종무,제주SK FC,CM,8.98,6.72,7.18,0.94,26,2,0,-1.8,24.0,-11.0,4,0.0
527820.0,천성훈,대전 하나 시티즌,CF,8.77,5.02,9.17,0.55,12,1,0,-13.5,31.4,-2.0,2,0.0
533448.0,이태석,포항 스틸러스,RM,8.74,8.8,10.69,0.82,8,1,1,-5.4,36.7,3.0,2,1.5
503230.0,하정우,수원FC,CF,8.7,5.57,5.57,1.0,3,1,0,0.0,19.2,-8.9,2,0.0
500557.0,정명제,김천 상무 프로축구단,GK,8.66,5.55,5.55,5.55,1,0,0,136.5,19.2,-3.0,0,0.0
77520.0,문선민,전북 현대 모터스,RW,8.65,6.82,10.52,0.65,24,6,3,-10.5,36.5,10.9,12,4.5
500137.0,정지용,광주FC,LM,8.62,8.69,7.79,1.11,8,0,0,3.3,27.1,0.0,0,0.0
61968.0,진성욱,제주SK FC,CF,8.6,8.61,10.78,0.8,16,2,1,-6.0,37.6,3.3,4,1.5
356617.0,강현무,김천 상무 프로축구단,GK,8.57,6.9,6.9,1.0,4,0,0,0.0,24.2,9.0,0,0.0
259766.0,박용희,대구FC,RW,8.46,7.18,9.35,0.77,23,3,0,-6.9,33.1,5.5,6,0.0
532197.0,남태희,제주SK FC,RW,8.4,5.22,5.22,1.0,3,0,0,0.0,18.6,-8.2,0,0.0
181858.0,이준서,대전 하나 시티즌,GK,8.4,5.35,5.35,1.0,3,0,0,0.0,19.1,-5.0,0,0.0
500441.0,에르난데스,전북 현대 모터스,LW,8.38,10.78,9.26,1.16,14,2,1,4.8,33.2,-0.9,4,1.5
248883.0,황성민,FC서울,GK,8.37,6.25,6.25,6.25,1,0,0,157.5,22.4,5.0,0,0.0
532195.0,정민기,수원FC,GK,8.37,6.6,6.6,6.6,1,0,0,168.0,23.7,7.0,0,0.0
145716.0,안창민,대구FC,CF,8.32,8.14,7.28,1.12,7,0,0,3.6,26.2,-5.4,0,0.0
77711.0,안병준,수원FC,CF,8.2,5.76,5.76,1.0,5,0,1,0.0,21.1,-8.0,0,1.5
500593.0,박주승,제주SK FC,RM,8.19,5.15,5.15,5.15,1,0,0,124.5,18.9,-9.0,0,0.0
250099.0,이준,광주FC,GK,8.19,5.35,5.35,5.35,2,0,0,130.5,19.6,-6.0,0,0.0
500595.0,안찬기,제주SK FC,GK,8.19,5.17,5.17,5.17,2,0,0,125.2,19.0,-8.0,0,0.0
250902.0,정재희,포항 스틸러스,RW,8.16,6.72,10.02,0.67,31,8,0,-9.9,36.8,8.2,15,0.0
356607.0,박승호,인천 유나이티드,RW,8.16,5.91,9.92,0.6,24,2,1,-12.0,36.5,7.5,4,1.5
528612.0,김경민,강원FC,LM,8.01,5.99,8.71,0.69,10,2,1,-9.3,32.6,9.0,4,1.5
345447.0,강현제,포항 스틸러스,CAM,7.93,3.82,3.82,1.0,3,0,1,0.0,14.4,-3.8,0,1.5
62367.0,이으뜸,광주FC,LB,7.93,4.85,4.85,1.0,3,0,0,0.0,18.3,-12.3,0,0.0
500597.0,제갈재민,제주SK FC,LW,7.93,4.28,4.28,1.0,3,0,0,0.0,16.2,-13.2,0,0.0
500449.0,백민규,인천 유나이티드,CF,7.93,4.25,4.25,1.0,4,0,0,0.0,16.1,-11.5,0,0.0
500488.0,박준서,대전 하나 시티즌,RB,7.93,5.0,5.0,5.0,1,0,0,120.0,18.9,-13.6,0,0.0
146183.0,김민석,인천 유나이티드,RW,7.93,4.6,4.6,1.0,4,0,0,0.0,17.4,-8.8,0,0.0
530666.0,김현욱,대전 하나 시티즌,RW,7.87,6.94,8.71,0.8,9,1,0,-6.0,33.2,3.4,2,0.0
530658.0,하지치,강원FC,CF,7.85,3.45,3.45,1.0,3,0,0,0.0,13.2,-12.8,0,0.0
491800.0,조성준,포항 스틸러스,RM,7.85,3.48,3.48,1.0,4,0,0,0.0,13.3,-12.0,0,0.0
354813.0,노동건,수원FC,GK,7.85,2.38,2.38,1.0,3,0,0,0.0,9.1,-14.0,0,0.0
246409.0,이준호,전북 현대 모터스,CF,7.85,3.24,3.24,1.0,4,0,0,0.0,12.4,-13.3,0,0.0
526913.0,김찬,김천 상무 프로축구단,CF,7.85,2.43,2.43,1.0,3,0,0,0.0,9.3,-13.7,0,0.0
500578.0,이상민2,김천 상무 프로축구단,CM,7.85,3.45,3.45,1.0,3,0,0,0.0,13.2,-14.0,0,0.0
343585.0,조현태,강원FC,CB,7.85,3.4,3.4,1.0,3,0,0,0.0,13.0,-13.9,0,0.0
532198.0,홍재석,제주SK FC,CB,7.85,3.13,3.13,1.0,3,0,0,0.0,12.0,-14.3,0,0.0
503223.0,박주영,전북 현대 모터스,CF,7.85,3.48,3.48,1.0,3,0,0,0.0,13.3,-12.4,0,0.0
77574.0,지언학,인천 유나이티드,CAM,7.85,0.8,0.8,1.0,4,0,0,0.0,3.1,-7.5,0,0.0
500588.0,탈레스,제주SK FC,RW,7.83,8.3,7.39,1.12,8,0,0,3.6,28.3,0.0,0,0.0
500481.0,김승대,대전 하나 시티즌,CF,7.82,4.21,9.47,0.44,22,2,2,-16.8,36.3,-1.1,4,3.0
500590.0,백승헌,제주SK FC,RW,7.81,5.44,5.44,1.0,5,0,1,0.0,20.9,-7.5,0,1.5
250057.0,전용준,대구FC,RW,7.74,-0.1,-0.1,-0.1,1,0,0,-33.0,-0.4,-14.3,0,0.0
357155.0,유선우,대전 하나 시티즌,RW,7.74,0.2,0.2,0.2,1,0,0,-24.0,0.8,-13.6,0,0.0
500551.0,아르한,수원FC,LWB,7.74,0.07,0.07,0.07,2,0,0,-27.8,0.3,-12.0,0,0.0
491805.0,황서웅,포항 스틸러스,CAM,7.74,-0.35,-0.35,-0.35,1,0,0,-40.5,-1.4,-11.2,0,0.0
491841.0,김규형,포항 스틸러스,LM,7.74,0.15,0.15,0.15,1,0,0,-25.5,0.6,-12.0,0,0.0
500514.0,손승민,대구FC,CM,7.74,0.33,0.33,0.33,2,0,0,-20.2,1.3,-14.7,0,0.0
367697.0,정우빈,대전 하나 시티즌,LM,7.74,0.4,0.4,0.4,1,0,0,-18.0,1.6,-9.0,0,0.0
500116.0,박청효,강원FC,GK,7.73,8.5,7.68,1.11,9,0,0,3.3,29.8,14.0,0,0.0
526923.0,추상훈,김천 상무 프로축구단,CAM,7.67,4.11,4.11,1.0,4,0,0,0.0,16.1,0.0,0,0.0
250901.0,윤민호,포항 스틸러스,CF,7.66,6.97,7.0,1.0,14,1,1,0.0,27.4,-6.3,2,1.5
97086.0,허용준,포항 스틸러스,CF,7.66,4.34,9.47,0.46,23,3,3,-16.2,37.1,-0.7,6,4.5
250903.0,이승환,포항 스틸러스,GK,7.61,3.75,3.75,3.75,1,0,0,82.5,14.8,-13.0,0,0.0
500589.0,조인정,제주SK FC,CM,7.61,4.18,4.18,4.18,2,0,0,95.3,16.5,-13.6,0,0.0
188266.0,강성진,FC서울,RW,7.61,6.46,8.67,0.74,20,2,1,-7.8,34.2,2.7,4,1.5
188233.0,이지훈,전북 현대 모터스,RW,7.61,4.6,4.6,4.6,1,0,0,108.0,18.1,-9.5,0,0.0
356606.0,김세훈,인천 유나이티드,RWB,7.61,3.95,3.95,3.95,2,0,0,88.5,15.6,-12.0,0,0.0
346042.0,지상욱,제주SK FC,LW,7.61,4.7,4.7,4.7,1,0,0,111.0,18.5,-11.5,0,0.0
250104.0,하승운,광주FC,LW,7.61,4.47,4.47,4.47,2,0,0,104.2,17.6,-12.4,0,0.0
528958.0,김형진,강원FC,RW,7.61,4.53,4.53,4.53,2,0,0,105.8,17.8,-10.2,0,0.0
526912.0,원기종,김천 상무 프로축구단,CF,7.61,4.75,4.75,4.75,1,0,0,112.5,18.7,-11.1,0,0.0
250075.0,박재현,대구FC,LWB,7.59,8.04,7.28,1.1,15,1,0,3.0,28.8,-6.0,2,0.0
532189.0,김하준,전북 현대 모터스,CB,7.56,3.62,3.62,3.62,2,0,0,78.8,14.4,-13.5,0,0.0
250056.0,이원우,대구FC,CB,7.56,3.67,3.67,3.67,2,0,0,80.2,14.6,-13.2,0,0.0
534727.0,김윤호,광주FC,CF,7.56,2.15,2.15,2.15,1,0,0,34.5,8.5,-14.1,0,0.0
146190.0,송시우,인천 유나이티드,RW,7.56,2.3,2.3,2.3,1,0,0,39.0,9.1,-11.6,0,0.0
500575.0,조진우,김천 상무 프로축구단,CB,7.56,2.38,2.38,2.38,2,0,0,41.2,9.4,-14.6,0,0.0
247324.0,최성민,강원FC,CF,7.56,2.15,2.15,2.15,1,0,0,34.5,8.5,-14.1,0,0.0
491799.0,이규민,포항 스틸러스,RW,7.56,1.35,1.35,1.35,1,0,0,10.5,5.4,-13.0,0,0.0
248890.0,김신진,FC서울,CF,7.45,5.98,5.51,1.09,9,1,0,2.7,22.2,-9.4,2,0.0
345466.0,정지훈,광주FC,LM,7.37,4.78,4.78,1.0,5,0,0,0.0,19.5,-3.0,0,0.0
356626.0,김준홍,김천 상무 프로축구단,GK,7.22,8.42,7.23,1.16,17,0,2,4.8,30.1,13.0,0,3.0
529333.0,유제호,전북 현대 모터스,CM,7.15,4.2,4.2,1.0,5,0,0,0.0,17.6,-13.3,0,0.0
527809.0,호날두,FC서울,CF,7.15,3.91,3.91,1.0,5,1,0,0.0,16.4,-12.0,2,0.0
142109.0,조현우,울산 HD FC,GK,7.1,5.87,5.77,1.02,33,0,0,0.6,24.4,-1.0,0,0.0
533480.0,강현무,FC서울,GK,7.09,6.09,7.17,0.85,8,0,0,-4.5,30.4,11.0,0,0.0
62082.0,최영은,대구FC,GK,7.08,5.16,5.6,0.92,11,0,0,-2.4,23.7,-2.0,0,0.0
144570.0,김민준,울산 HD FC,RW,7.06,3.64,3.64,1.0,5,0,0,0.0,15.5,-10.9,0,0.0
533485.0,박주영,제주SK FC,RW,7.06,2.2,2.2,1.0,5,0,0,0.0,9.3,-12.3,0,0.0
250060.0,오승훈,대구FC,GK,7.03,7.05,6.92,1.02,23,0,0,0.6,29.5,10.0,0,0.0
344471.0,이승준,FC서울,LW,7.03,5.11,5.71,0.89,8,0,0,-3.3,24.4,-8.8,0,0.0
500508.0,박세민,대구FC,LW,7.0,5.11,4.98,1.03,6,0,0,0.9,21.4,-10.6,0,0.0
532196.0,한교원,수원FC,RW,6.98,5.46,5.56,0.98,7,0,0,-0.6,23.9,-6.1,0,0.0
344466.0,최철원,FC서울,GK,6.92,6.57,5.83,1.13,8,0,1,3.9,25.3,0.0,0,1.5
142258.0,황인재,포항 스틸러스,GK,6.92,7.08,7.21,0.98,29,0,1,-0.6,31.3,12.0,0,1.5
500563.0,최기윤,김천 상무 프로축구단,RW,6.89,5.4,6.33,0.85,20,4,0,-4.5,27.6,-2.7,8,0.0
524896.0,강주혁,FC서울,CAM,6.88,6.45,6.31,1.02,9,1,1,0.6,27.5,3.8,2,1.5
342721.0,김영준,대구FC,CF,6.84,5.6,4.78,1.17,7,0,0,5.1,20.9,-10.6,0,0.0
500539.0,정승배,수원FC,LW,6.83,5.42,5.22,1.04,6,0,0,1.2,22.9,-9.7,0,0.0
250079.0,김경민,광주FC,GK,6.81,5.82,5.91,0.98,31,0,0,-0.6,26.1,1.0,0,0.0
222332.0,김준홍,전북 현대 모터스,GK,6.8,6.81,6.13,1.11,10,0,0,3.3,27.1,2.0,0,0.0
346041.0,전성진,제주SK FC,LWB,6.79,5.2,3.83,1.36,9,0,0,10.8,16.9,-9.0,0,0.0
500558.0,김동헌,김천 상무 프로축구단,GK,6.76,5.85,6.23,0.94,12,0,0,-1.8,27.6,4.0,0,0.0
500535.0,이준석,수원FC,,6.73,5.79,5.39,1.08,7,0,0,2.4,24.0,0.0,0,0.0
250147.0,김성민,인천 유나이티드,RW,6.7,5.23,5.91,0.89,26,1,1,-3.3,26.4,-5.5,2,1.5
77715.0,김주엽,수원FC,RW,6.68,5.39,5.49,0.98,16,0,1,-0.6,24.7,-6.8,0,1.5
61932.0,한교원,전북 현대 모터스,RW,6.67,6.63,7.63,0.87,15,0,0,-3.9,34.3,1.3,0,0.0
85175.0,이광연,강원FC,GK,6.67,5.54,4.78,1.16,25,0,0,4.8,21.5,-9.0,0,0.0
491838.0,권창훈,전북 현대 모터스,RW,6.56,4.25,6.12,0.69,6,1,0,-9.3,28.0,-4.1,2,0.0
250957.0,김동준,제주SK FC,GK,6.56,5.64,6.32,0.89,31,0,2,-3.3,28.9,6.0,0,3.0
250167.0,이창근,대전 하나 시티즌,GK,6.56,5.64,6.21,0.91,30,0,1,-2.7,28.4,3.0,0,1.5
344465.0,임상협,FC서울,LW,6.49,2.7,7.4,0.36,27,2,2,-19.2,34.2,-6.2,4,3.0
250185.0,송창석,대전 하나 시티즌,CF,6.49,2.84,6.15,0.46,10,1,0,-16.2,28.4,-7.6,2,0.0
500136.0,문민서,광주FC,CM,6.49,4.14,7.59,0.55,26,1,0,-13.5,35.1,-9.9,2,0.0
412017.0,가브리엘,강원FC,CF,6.49,3.22,7.17,0.45,10,0,1,-16.5,33.1,-5.9,0,1.5
103630.0,김정훈,전북 현대 모터스,GK,6.48,4.58,4.5,1.02,6,0,0,0.6,20.8,-10.0,0,0.0
500592.0,여홍규,제주SK FC,RW,6.38,4.45,7.37,0.6,11,2,0,-12.0,34.6,-0.7,4,0.0
500114.0,카미야,강원FC,CM,6.37,4.72,4.86,0.97,10,0,0,-0.9,22.9,-13.0,0,0.0
356623.0,김민준,김천 상무 프로축구단,RW,6.36,3.55,7.02,0.51,12,1,0,-14.7,33.1,-1.3,2,0.0
354804.0,이규동,전북 현대 모터스,CF,6.36,4.75,5.27,0.9,6,0,0,-3.0,24.8,-9.8,0,0.0
345465.0,신창무,광주FC,CF,6.36,4.3,5.73,0.75,10,1,1,-7.5,27.1,-8.5,2,1.5
62009.0,박동진,FC서울,CF,6.3,3.16,6.46,0.49,16,1,1,-15.3,30.8,-7.2,2,1.5
345445.0,백성동,포항 스틸러스,LW,6.27,3.51,6.46,0.54,31,2,2,-13.8,30.9,-8.0,4,3.0
354794.0,정민기,전북 현대 모터스,GK,6.21,4.94,6.69,0.74,17,0,1,-7.8,32.3,8.0,0,1.5
500460.0,이범수,인천 유나이티드,GK,6.19,3.97,5.39,0.74,23,0,1,-7.8,26.1,-4.0,0,1.5
500599.0,김재민,제주SK FC,LW,6.19,4.36,4.12,1.06,6,0,0,1.8,20.0,-14.1,0,0.0
500552.0,안준수,수원FC,GK,6.16,4.32,5.28,0.82,29,0,0,-5.4,25.7,-7.0,0,0.0
500134.0,빅톨,광주FC,CF,6.15,4.72,5.17,0.91,9,0,0,-2.7,25.2,-10.2,0,0.0
193858.0,민성준,인천 유나이티드,GK,6.06,4.0,3.85,1.04,11,0,0,1.2,19.0,-12.0,0,0.0
500141.0,안혁주,광주FC,LM,6.05,4.47,4.64,0.96,12,0,1,-1.2,23.0,-6.0,0,1.5
139210.0,김진야,FC서울,LB,5.99,3.16,3.92,0.81,13,0,0,-5.7,19.6,-13.6,0,0.0
500119.0,신민하,강원FC,CB,5.99,3.1,3.74,0.83,17,0,0,-5.1,18.7,-12.8,0,0.0
61626.0,김보섭,인천 유나이티드,LW,5.99,4.38,6.78,0.65,21,1,0,-10.5,34.0,-7.0,2,0.0
356608.0,천성훈,인천 유나이티드,,5.89,4.64,4.77,0.97,10,0,0,-0.9,24.3,0.0,0,0.0
77582.0,백종범,FC서울,GK,5.78,4.8,4.24,1.13,16,0,0,3.9,22.0,-11.0,0,0.0
187277.0,이용래,대구FC,CM,5.73,2.86,2.69,1.06,14,0,0,1.8,14.1,-14.3,0,0.0
